{
    "targets": [
        {
            "targetId": "poster_A",
            "placements": [
                {
                    "targetId": "poster_A",
                    "contentId": "Content_1",
                    "position": {
                        "x": 0.0,
                        "y": -0.20887766778469087,
                        "z": -0.6000000238418579
                    },
                    "rotation": {
                        "x": 0.0,
                        "y": 0.0,
                        "z": 0.0
                    },
                    "scale": {
                        "x": 0.5,
                        "y": 0.5,
                        "z": 0.5
                    }
                },
                {
                    "targetId": "poster_A",
                    "contentId": "Content_2",
                    "position": {
                        "x": 0.5,
                        "y": 0.800000011920929,
                        "z": -2.986280679702759
                    },
                    "rotation": {
                        "x": 0.0,
                        "y": 74.07024383544922,
                        "z": 0.0
                    },
                    "scale": {
                        "x": 0.5,
                        "y": 0.5,
                        "z": 0.5
                    }
                },
                {
                    "targetId": "poster_A",
                    "contentId": "Content_3",
                    "position": {
                        "x": 1.0,
                        "y": 1.777756929397583,
                        "z": -0.6000000238418579
                    },
                    "rotation": {
                        "x": 0.0,
                        "y": 0.0,
                        "z": 0.0
                    },
                    "scale": {
                        "x": 0.5,
                        "y": 0.5,
                        "z": 0.5
                    }
                },
                {
                    "targetId": "poster_A",
                    "contentId": "Content_4",
                    "position": {
                        "x": 1.5,
                        "y": 0.800000011920929,
                        "z": -1.7923874855041505
                    },
                    "rotation": {
                        "x": 0.0,
                        "y": 0.0,
                        "z": 0.0
                    },
                    "scale": {
                        "x": 0.9740111231803894,
                        "y": 0.9740111231803894,
                        "z": 0.9740111231803894
                    }
                },
                {
                    "targetId": "poster_A",
                    "contentId": "Content_5",
                    "position": {
                        "x": 4.0299272537231449,
                        "y": -0.23300741612911225,
                        "z": -1.7034636735916138
                    },
                    "rotation": {
                        "x": 0.0,
                        "y": 306.09112548828127,
                        "z": 0.0
                    },
                    "scale": {
                        "x": 0.8488834500312805,
                        "y": 0.8488834500312805,
                        "z": 0.8488834500312805
                    }
                },
                {
                    "targetId": "poster_A",
                    "contentId": "Content_6",
                    "position": {
                        "x": 2.5,
                        "y": 0.800000011920929,
                        "z": -0.6000000238418579
                    },
                    "rotation": {
                        "x": 0.0,
                        "y": 0.0,
                        "z": 0.0
                    },
                    "scale": {
                        "x": 0.5,
                        "y": 0.5,
                        "z": 0.5
                    }
                }
            ]
        },
        {
            "targetId": "poster_B",
            "placements": []
        }
    ]
}